Dia;Espacio;Horario;Actividad;Profesor
LUNES;GIMNASIO 1;08:15 A 12:15;EDUCACION FISICA ESCUELA N5 DE 13 PORTELA 734;
LUNES;GIMNASIO 1;13:00 A 14:30;EDUCACION FISICA ESCUELA N5 DE 13 PORTELA 734;
LUNES;GIMNASIO 1;15 A 16;U17+ U19 FLEX;THEO LORENZO
LUNES;GIMNASIO 1;16 A 17 HS;U13 + U15 FLEX;THEO LORENZO
LUNES;GIMNASIO 1;17 A 18.30 HS;U11 Y U13 "AMARILLO";SANTIAGO FILINICH
LUNES;GIMNASIO 1;18.30 A 19.30 HS;U9 "AMBAS TIRAS";FACUNDO BAGALA Y SANTIAGO FILINICH
LUNES;GIMNASIO 1;19.30 A 21 HS;U11 Y U13 "AZUL";TOMAS CURI
LUNES;GIMNASIO 1;21:00 a 22:15;U21+PRIMERA FEM;FEDERICO GALMARINI
LUNES;GIMNASIO 1;22:15 a 23:30;U21 AMARILLO + PRIMERA FLEX;FEDERICO GALMARINI
LUNES;GIMNASIO 2;14.30 A 16.30 HS;AVANZADO AYB;JIMENA
LUNES;GIMNASIO 2;16.30 A 18.00 HS;AVANZADO C1y2;JIMENA
LUNES;GIMNASIO 2;18 a 19;FAFI Y TABI 2019/18/17;AGUSTIN Y ARIEL
LUNES;GIMNASIO 2;19 a 20;ESCUELITA + TABI 2016/15;AGUSTIN Y ARIEL
LUNES;GIMNASIO 2;20 a 21;ESCUELITA + TABI 2014/13;AGUSTIN Y ARIEL
LUNES;GIMNASIO 2;21.00 A 22.30 HS;MAYORES 7MA;
LUNES;GIMNASIO 2;22:30 A 23:30;ALQ. DAMIAN;
LUNES;GIMNASIO 3;16.00 a 18.00 HS;U15 "AZUL";TOMAS CURI
LUNES;GIMNASIO 3;18.00 A 19.00 HS;U17 "AZUL";TOMAS CURI
LUNES;GIMNASIO 3;19.00 A 21 HS;U21 "A"+U17 "A" +PRIMERA B;FRANCISCO BLASCO
LUNES;GIMNASIO 3;21.00 A 22.30 HS;U21 "AZUL" + PRIMERA A;TOMAS CURI
LUNES;GIM FISICO;17 A 18;FISICO U17;NICOLAS CATAN
LUNES;GIM FISICO;18 A 19;FISICO U15;NICOLAS CATAN
LUNES;GIM FISICO;19 a 20;FISICO 1ra "B";NICOLAS CATAN
LUNES;GIM FISICO;20 a 21;FISICO 1ra "A" y U21;NICOLAS CATAN
LUNES;P.B. SALON;09:00 A 10:00;FUNCIONAL;FACUNDO GOMEZ
LUNES;P.B. SALON;16:00 A 17:00;FUNCIONAL+60;ANA GABRIELA
LUNES;P.B. SALON;18:00 A 19:00 HS;TEENS;CHIARA Y NATY
LUNES;P.B. SALON;19:00 A 20:30 HS;INTERMEDIO 1;CHIARA NATY JIME
LUNES;P.B. SALON;20 A 21 HS;INTERMEDIO 2;CHIARA Y NATY
LUNES;P.B. SUM;17.45 A 18.30HS;FISICO U9;TOMAS CAIRO
LUNES;P.B. SUM;18.30 A 19 HS;FISICO U11 U13 AMARILLO;TOMAS CAIRO
LUNES;P.B. SUM;19 A 19.30 HS;FISICO U11 U13 AZUL;TOMAS CAIRO
LUNES;SUBSUELO;18:00 A 19:00;TAEKWONDO;
LUNES;SALA ALBAMONTE;18 a 20;YOGA;
LUNES;LA CASONA;13 a 17;CENTRO DE JUBILADOS;
MARTES;GIMNASIO 1;13:00 A 14:30;EDUCACION FISICA PORTELA 734 ESCUELA NS DE 13;
MARTES;GIMNASIO 1;15 A 16 HS;PERFECCIONAMIENTO INDIVID VOLEY;NATALIA PELLEGRINO Y MELINA PELLEGRINO
MARTES;GIMNASIO 1;16 A 17 HS;ESCUELA ADOLESCENTE 13-18;NATALIA PELLEGRINO
MARTES;GIMNASIO 1;17.00 a 18.00;FAFI 2018/2017;CACHO
MARTES;GIMNASIO 1;18.00 a 19.00;FAFI 2016/2015;CACHO
MARTES;GIMNASIO 1;19.00 a 20.00;FAFI 2014/2013;CACHO
MARTES;GIMNASIO 1;20.15 A 21.30;U15 U17 FEMENINO;FERNANDO MILITANO
MARTES;GIMNASIO 1;21.30 A 23.00 HS;MAYORES 3RA;FERNANDO
MARTES;GIMNASIO 2;13:30 A 15:45 HS;DANZA;NATY
MARTES;GIMNASIO 2;16 A 17 HS;ESCUELITA-MINIVOLEY-U11-U12;MELINA PELLEGRINO
MARTES;GIMNASIO 2;17 A 18 HS;U13/U14;GIULIANA PELLEGRINO
MARTES;GIMNASIO 2;18 A 19.30 HS;U15/U16;GIULIANA PELLEGRINO
MARTES;GIMNASIO 2;19.30 A 21.00 HS;U18;
MARTES;GIMNASIO 2;21.00 A 22.30 HS;U21;PATRICIA OMBRONI
MARTES;GIMNASIO 3;16.00 a 17.00HS;PERFECCIONAMIENTO INDIVIDUAL "TRANSI";
MARTES;GIMNASIO 3;17:00 a 18:00;ESCUELITA U7 U9;LORENZO MILITANO SPARNOCCIA
MARTES;GIMNASIO 3;18:00 A 19:00;U9 U11 U13 FEMENINO;ROSARIO MONTAÑA
MARTES;GIMNASIO 3;19:00 a 20:30;U15 AMARILLO;FEDERICO SCHIZZI
MARTES;GIMNASIO 3;20:15 21:30;U17 AMARILLO;FEDERICO SCHIZZI
MARTES;FISICO;18 A 19HS;U15 AMARILLO;THEO LORENZO
MARTES;FISICO;19.15 A 20.15 HS;U17 AMARILLO;THEO LORENZO
MARTES;SALON P.B.;18:00 A 19:00;GIMNASIA ARTISTICA;FLORENCIA UGARTE
MARTES;SALON P.B.;19:00 A 20:00;CROSSFIT;
MARTES;SALON P.B.;20:00 A 21:00;CROSSFIT;
MARTES;SUM P.B;17:00 A 18:00;INICIACION DEPOR;
MARTES;SUM P.B;18:00 A 19:00;FUNCIONAL;NOELIA GAUS
MARTES;SUM P.B;19:00 A 20:00;DANZA;
MARTES;SUBSUELO;18:00 19:00;BOXEO;DANIEL TERAN
MARTES;SUBSUELO;19:00 A 20:00;BOXEO;DANIEL TERAN
MARTES;SALA ALBAMONTE;10 a 12;YOGA;
MARTES;SALA ALBAMONTE;19:00 A 19:35;U9 U11 FEMENINO FISICO;ANDRES SPARNOCCIA
MARTES;SALA ALBAMONTE;19:35 A 20.15;U13 U15 U17 FEMENINO FISICO;
MARTES;LA CASONA;13-17;CENTRO DE JUBILADOS;
MIERCOLES;GIMNASIO 1;15 A 16;U17+ U19 FLEX;THEO LORENZO
MIERCOLES;GIMNASIO 1;16 A 17 HS;U13 U15 FLEX;THEO LORENZO
MIERCOLES;GIMNASIO 1;17 A 18.30 HS;U11 Y U13 "AMARILLO";SANTIAGO FILINCH
MIERCOLES;GIMNASIO 1;18.30 A 19.30 HS;U9 AMBAS TIRAS;FACUNDO BAGALA Y SANTIAGO FILINCH
MIERCOLES;GIMNASIO 1;19.30 A 21 HS;U11 Y U13 "AZUL";TOMAS CURI
MIERCOLES;GIMNASIO 1;21:00 a 22:30;U21 AMARILLO+ PRIMERA FLEX;FEDERICO GALMARINI
MIERCOLES;GIMNASIO 1;22:30 A 23:30;ALQ. GORDO ALE;
MIERCOLES;GIMNASIO 2;14.30 A 16.30 HS;AVANZADO A y B;JIMENA
MIERCOLES;GIMNASIO 2;16.30 A 18.00 HS;AVANZADO C 1 y2;
MIERCOLES;GIMNASIO 2;18 a 19;FAFI Y TABI 2019/18/17;AGISTIN Y ARIEL
MIERCOLES;GIMNASIO 2;19 a 20;ESCUELITA+ TABI 2016/15;AGISTIN Y ARIEL
MIERCOLES;GIMNASIO 2;20 a 21;ESCUELITA + TABI 2014/13;AGISTIN Y ARIEL
MIERCOLES;GIMNASIO 2;21:00 A 22 HS;DANZA;NATY
MIERCOLES;GIMNASIO 2;22.00 A 23.00 HS;MAYORES 7MA;
MIERCOLES;GIMNASIO 3;16.00 a 18.00 HS;U15 "AZUL";TOMAS CURI
MIERCOLES;GIMNASIO 3;18.00 A 19.00 HS;U17 "AZUL";TOMAS CURI
MIERCOLES;GIMNASIO 3;19.00 A 21 HS;U21 "A"+U17 "A" PRIMERA B;FRANCISCO BLASCO
MIERCOLES;GIMNASIO 3;21.00 A 22.30 HS;U21 "AZUL" + PRIMERA A;TOMAS CURI
MIERCOLES;GIMNASIO 3;22:30 A 23:30;ALQ. ERIC NIELSEN;
MIERCOLES;GIM FISICO;17 A 18;FISICO U17;NICOLAS CATAN
MIERCOLES;GIM FISICO;18 A 19;FISICO U15;NICOLAS CATAN
MIERCOLES;GIM FISICO;19 a 20;FISICO 1ra "B";NICOLAS CATAN
MIERCOLES;GIM FISICO;20 a 21;FISICO 1ra "A" y U21;NICOLAS CATAN
MIERCOLES;P.B. SALON;16:00 A 17:00;FUNCIONAL +60;ANA GABRIELA
MIERCOLES;P.B. SALON;17:30 A 18:30 HS;INICIAL MINI;CHIARA Y NATY
MIERCOLES;P.B. SALON;18:30 A 19:30 HS;TEENS;CHIARA Y NATY
MIERCOLES;P.B. SALON;19:30 A 21:00 HS;INTERMEDIO 2;CHIARA Y NATY
MIERCOLES;P.B. SUM;16:30 a 17.30;FISICO AVANZADO A Y B;PROFESORA CAMILA
MIERCOLES;P.B. SUM;18:00 a 19.00;FISICO AVANZADO C 1 Y 2;PROFESORA CAMILA
MIERCOLES;P.B. SUM;18:45 a 19.30;FISICO INTERMEDIO 1 Y 2;PROFESORA CAMILA
MIERCOLES;SUBSUELO;18:00 A 19:00;TAEKWONDO;
MIERCOLES;SALA ALBAMONTE;18 a 20;YOGA;
MIERCOLES;LA CASONA;13 a 17;CENTRO DE JUBILADOS;
JUEVES;GIMNASIO 1;15 A 16 HS;PERFECCIONAMIENTO INDIVIDUAL VOLEY;NATALIA PELLEGRINO Y MELINA PELLEGRINO
JUEVES;GIMNASIO 1;16 A 17 HS;ESCUELA ADOLESCENTE 13-18;NATALIA PELLEGRINO
JUEVES;GIMNASIO 1;17.00 a 18.00;FAFI 2018/2017;CACHO
JUEVES;GIMNASIO 1;18.00 a 19.00;FAFI 2016/2015;CACHO
JUEVES;GIMNASIO 1;19.00 a 20.00;FAFI 2014/2013;CACHO
JUEVES;GIMNASIO 1;20:15 a 21:30;U17 AMARILLO;FEDERICO SCHIZZI
JUEVES;GIMNASIO 1;21.30 A 23:00;MAYORES 3RA;
JUEVES;GIMNASIO 2;16 A 17 HS;ESCUELITA-MINIVOLEY U11-U12;MELINA PELLEGRINO
JUEVES;GIMNASIO 2;17 A 18 HS;U13/U14;GIULIANA PELLEGRINO
JUEVES;GIMNASIO 2;18 A 19.30 HS;U15/U16;GIULIANA PELLEGRINO
JUEVES;GIMNASIO 2;19.30 A 21.00 HS;U18;PATRICIA OMBRONI
JUEVES;GIMNASIO 2;21.00 A 22.30 HS;U21;PATRICIA OMBRONI
JUEVES;GIMNASIO 3;16.00 a 17.00HS;PERFECCIONAMIENTO INDIVIDUAL "TRANSI";
JUEVES;GIMNASIO 3;17:00 a 18:00;ESCUELITA U11 U13;LORENZO MILITANO SPARNOCCIA
JUEVES;GIMNASIO 3;18:00 A 19:00;U9 U11 U13 FEMENINO;ROSARIO MONTAÑA
JUEVES;GIMNASIO 3;19:00 a 20:15;U15 AMARILLO;FEDERICO SCHIZZI
JUEVES;GIMNASIO 3;20.15 A 21.30;U15 U17 FEMENINO;FERNANDO MILITANO
JUEVES;GIMNASIO 3;21:30 a 23:00;U21 PRIMERA FEMENINO;FEDERICO GALMARINI
JUEVES;FISICO;18 A 19HS;U15 AMARILLO;THEO LORENZO
JUEVES;FISICO;19.15 A 20.15 HS;U17 AMARILLO;THEO LORENZO
JUEVES;FISICO;20:30 A 21.30 HS;PRIMERA FEM;
JUEVES;P.B. SALON;09:00 A 10:00;FUNCIONAL;FACUNDO GOMEZ
JUEVES;P.B. SALON;18:00 A 19:00;FUNCIONAL;NOELIA GAUS
JUEVES;P.B. SALON;19:00 A 20:00;CROSSFIT;NOELIA GAUS
JUEVES;P.B. SALON;20:00 A 21:00;CROSSFIT;NOELIA GAUS
JUEVES;P.B. SUM;18:00 A 19:00;BOXEO;DANIEL TERAN
JUEVES;SALA ALBAMONTE;10 a 12;YOGA;
JUEVES;SALA ALBAMONTE;19:00 A 19:35;U9 U11 FEMENINO FISICO;
JUEVES;SALA ALBAMONTE;19:35 A 20.15;U13 U15 U17 FEMENINO FISICO;
JUEVES;LA CASONA;13 a 17;CENTRO DE JUBILADOS;
VIERNES;GIMNASIO 1;8:15 A 12:15;EDUCACION FISICA ESCUELA NS DE 13 PORTELA 734;
VIERNES;GIMNASIO 1;13:00 A 14:30;EDUCACION FISICA ESCUELA NS DE 13 PORTELA 734;
VIERNES;GIMNASIO 1;15 A 16;U17+ U19 FLEX;THEO LORENZO
VIERNES;GIMNASIO 1;16 A 17 HS;U13+ U15 FLEX;THEO LORENZO
VIERNES;GIMNASIO 1;17 A 18.30 HS;U11 Y U13 "AMARILLO";SANTIAGO FILINICH
VIERNES;GIMNASIO 1;18.30 A 19.30 HS;U9 "AMBAS TIRAS";FACUNDO BAGALA Y SANTIAGO FILINCH
VIERNES;GIMNASIO 1;19.30 A 21 HS;U11 Y U13 "AZUL";TOMAS CURI
VIERNES;GIMNASIO 1;PARTIDOS DE VOLEY TERCERA DIVISION;PARTIDOS DE VOLEY TERCERA DIVISION;
VIERNES;GIMNASIO 2;15:30 A 17:30;AVANZADO C 1;JIMENA
VIERNES;GIMNASIO 2;17:30 A 19:00;AVANZADO C2;JIMENA
VIERNES;GIMNASIO 2;19.00 A 21.00 HS;AVANZADO A y B;JIMENA
VIERNES;GIMNASIO 2;21.00 a 22.30;ADULTAS;
VIERNES;GIMNASIO 3;16.30 a 18.00 HS;U15 "AZUL";TOMAS CURI
VIERNES;GIMNASIO 3;18.00 A 19.00 HS;U17 "AZUL";TOMAS CURI
VIERNES;GIMNASIO 3;19.00 A 21 HS;U21 "A" U17 "A" +PRIMERA B;FRANCISCO BLASCO
VIERNES;GIMNASIO 3;21.00 A 22.30 HS;U21 "AZUL" + PRIMERA A;TOMAS CURI
VIERNES;GIM FISICO;17 A 18;FISICO U17;NICOLAS CATAN
VIERNES;GIM FISICO;18 A 19;FISICO U15;NICOLAS CATAN
VIERNES;GIM FISICO;19 a 20;FISICO 1ra "8";NICOLAS CATAN
VIERNES;GIM FISICO;20 a 21;FISICO 1ra "A" y U21;NICOLAS CATAN
VIERNES;P.B. SALON;13:00 A 16:00;FUNCIONAL;FACUNDO GOME
VIERNES;P.B. SALON;16:00 A 17:00;BOXEO;DANIEL TERAN
VIERNES;P.B. SALON;17.30 a 18.30;INICIAL MINI;
VIERNES;P.B. SALON;18:30 A 19:00;GIMNASIA ARTISTICA G1;FLORENCIA UGARTE
VIERNES;P.B. SALON;19:00 A 20:00;GIMNASIA ARTISTICA G2;FLORENCIA UGARTE
VIERNES;P.B. SALON;20.30 a 21.00;ADULTAS;
VIERNES;P.B. SUM;17:00 A 18:00;INICIACION DEPOR;FLORENCIA UGARTE
VIERNES;P.B. SUM;18:00 A 19:00;BOXEO;DANIEL TERAN
VIERNES;P.B. SUM;19:00 A 20:00;BOXEO;DANIEL TERAN
VIERNES;SUBSUELO;17.45 A 18.30HS;FISICO U9;TOMAS CAIRO
VIERNES;SUBSUELO;18.30 A 19 HS;FISICO U11 U13 AMARILLO;TOMAS CAIRO
VIERNES;SUBSUELO;19 A 19.30 HS;FISICO U11 U13 AZUL;TOMAS CAIRO
VIERNES;SALA ALBAMONTE;13 a 17;CENTRO DE JUBILADOS;
VIERNES;SALA ALBAMONTE;DESDE 20.00;CENA SEMANAL VITALICIOS;